evidence_id,entity_id,claim_field,extracted_value,source_id,url,page_article_table,supporting_excerpt,extraction_method,confidence,review_status
e_kapet_biak,kapet_biak,designation,Keputusan Presiden Nomor 90 Tahun 1996,official_kapet_decrees,https://www.peraturan.go.id/files/kp90-1996.pdf,Pasal 1(2),"Selected areas of Biak Numfor, Manokwari, Yapen Waropen, Paniai and Mimika",manual transcription of official indexed page/PDF text,high_for_cited_text_only,article_text_verified; annex_unavailable; historical_boundaries_unverified
e_kapet_pare_pare,kapet_pare_pare,designation,Keputusan Presiden Nomor 164 Tahun 1998,official_kapet_decrees,https://peraturan.bpk.go.id/Download/48966/Keputusan_Presiden_no_164%20TH%201998.pdf,Pasal 1(2),"Entire Pare-Pare, Barru, Pinrang, Sidenreng Rappang and Enrekang",manual transcription of official indexed page/PDF text,high_for_cited_text_only,article_text_verified; annex_unavailable; historical_boundaries_unverified
e_kapet_bukari,kapet_bukari,designation,Keputusan Presiden Nomor 168 Tahun 1998,official_kapet_decrees,https://www.peraturan.go.id/files/kp168-1998.pdf,Pasal 1(1)-(2),"Selected areas of Buton, Kolaka and Kendari; centre Poleang Timur",manual transcription of official indexed page/PDF text,high_for_cited_text_only,article_text_verified; annex_unavailable; historical_boundaries_unverified
e_kapet_das_kakab,kapet_das_kakab,designation,Keputusan Presiden Nomor 170 Tahun 1998,official_kapet_decrees,https://www.peraturan.go.id/files/kp170-1998.pdf,Pasal 1(2),Ambiguous entire/partial Kapuas; part Barito Selatan; entire Palangkaraya,manual transcription of official indexed page/PDF text,high_for_cited_text_only,article_text_verified; annex_unavailable; historical_boundaries_unverified
e_kapet_sabang,kapet_sabang,designation,Keputusan Presiden Nomor 171 Tahun 1998,official_kapet_decrees,https://www.peraturan.go.id/files/kp171-1998.pdf,Pasal 1(2),"Entire Sabang municipality; Weh, Nasi, Breuh, Teunon and nearby small islands",manual transcription of official indexed page/PDF text,high_for_cited_text_only,article_text_verified; annex_unavailable; historical_boundaries_unverified
e_kapet_batulicin,kapet_batulicin,designation,Keputusan Presiden Nomor 11 Tahun 1998,official_kapet_decrees,https://peraturan.go.id/files/kp11-1998.pdf,Pasal 1(2),"Kotabaru, entire historical regency",manual transcription of official indexed page/PDF text,high_for_cited_text_only,article_text_verified; annex_unavailable; historical_boundaries_unverified
e_kapet_sasamba,kapet_sasamba,designation,Keputusan Presiden Nomor 12 Tahun 1998,official_kapet_decrees,https://peraturan.go.id/files/kp12-1998.pdf,Pasal 1(2),"Samarinda and Balikpapan, entire historical municipalities; named districts of historic Kutai",manual transcription of official indexed page/PDF text,high_for_cited_text_only,article_text_verified; annex_unavailable; historical_boundaries_unverified
e_kapet_sanggau,kapet_sanggau,designation,Keputusan Presiden Nomor 13 Tahun 1998,official_kapet_decrees,https://peraturan.go.id/files/kp13-1998.pdf,Pasal 1(2),"Sanggau and Sambas, entire historical regencies; Air Besar within part of historic Pontianak",manual transcription of official indexed page/PDF text,high_for_cited_text_only,article_text_verified; annex_unavailable; historical_boundaries_unverified
e_kapet_manado_bitung,kapet_manado_bitung,designation,Keputusan Presiden Nomor 14 Tahun 1998,official_kapet_decrees,https://peraturan.go.id/files/kp14-1998.pdf,Pasal 1(2),Bitung and Manado entire municipalities; named districts of historic Minahasa,manual transcription of official indexed page/PDF text,high_for_cited_text_only,article_text_verified; annex_unavailable; historical_boundaries_unverified
e_kapet_mbay,kapet_mbay,designation,Keputusan Presiden Nomor 15 Tahun 1998,official_kapet_decrees,https://peraturan.go.id/files/kp15-1998.pdf,Pasal 1(2),Ngada entire historical regency,manual transcription of official indexed page/PDF text,high_for_cited_text_only,article_text_verified; annex_unavailable; historical_boundaries_unverified
e_kapet_seram,kapet_seram,designation,Keputusan Presiden Nomor 165 Tahun 1998,official_kapet_decrees,https://peraturan.go.id/files/kp165-1998.pdf,Pasal 1(2),"Seram, Boano, Manipa and Kelang islands",manual transcription of official indexed page/PDF text,high_for_cited_text_only,article_text_verified; annex_unavailable; historical_boundaries_unverified
e_kapet_bima,kapet_bima,designation,Keputusan Presiden Nomor 166 Tahun 1998,official_kapet_decrees,https://peraturan.go.id/files/kp166-1998.pdf,Pasal 1(2),Bima and Dompu entire historical regencies,manual transcription of official indexed page/PDF text,high_for_cited_text_only,article_text_verified; annex_unavailable; historical_boundaries_unverified
e_kapet_batui,kapet_batui,designation,Keputusan Presiden Nomor 167 Tahun 1998,official_kapet_decrees,https://peraturan.go.id/files/kp167-1998.pdf,Pasal 1(1)-(2),"Selected part of Banggai: Luwuk, Kintom, Batui, Toili",manual transcription of official indexed page/PDF text,high_for_cited_text_only,article_text_verified; annex_unavailable; historical_boundaries_unverified
e_kapet_benaviq,kapet_benaviq,designation,Keputusan Presiden Nomor 169 Tahun 1998,official_kapet_decrees,https://peraturan.go.id/files/kp169-1998.pdf,Pasal 1(1)-(2),"Part of Viqueque, Manatuto and Manufahi in historical Timor Timur, now outside Indonesia",manual transcription of official indexed page/PDF text,high_for_cited_text_only,article_text_verified; annex_unavailable; historical_boundaries_unverified
e_kapet_programme_creation,kapet_programme_creation,programme_event,Keputusan Presiden Nomor 89 Tahun 1996,official_kapet_decrees,https://peraturan.bpk.go.id/Details/60051/keppres-no-89-tahun-1996,"BPK regulation metadata, Tanggal Penetapan/Tanggal Berlaku",Tanggal Berlaku 03 Desember 1996,manual transcription of official indexed page/PDF text,high_for_cited_text_only,metadata_verified; PDF_article_review_pending
e_kapet_programme_amendment,kapet_programme_amendment,programme_event,Keputusan Presiden Nomor 9 Tahun 1998,official_kapet_decrees,https://peraturan.go.id/files/kp9-1998.pdf,PDF title page,PERUBAHAN ATAS KEPUTUSAN PRESIDEN NOMOR 89 TAHUN 1996,manual transcription of official indexed page/PDF text,high_for_cited_text_only,date_and_articles_need_pdf_review
e_kapet_programme_replacement,kapet_programme_replacement,programme_event,Keputusan Presiden Nomor 150 Tahun 2000,official_kapet_decrees,https://peraturan.go.id/files/kp150-2000.pdf,"Pasal 10(1), indexed official PDF text",dinyatakan tidak berlaku lagi,manual transcription of official indexed page/PDF text,high_for_cited_text_only,effective_date_and_effect_on_zone_decrees_need_review
e_kapet_biak_amendment_1998,kapet_biak_amendment_1998,programme_event,Keputusan Presiden Nomor 10 Tahun 1998,official_kapet_decrees,https://peraturan.go.id/files/kp10-1998.pdf,Title and amendment articles,Perubahan atas Keputusan Presiden Nomor 90 Tahun 1996,manual transcription of official indexed page/PDF text,high_for_cited_text_only,amendment_identified; legal_effect_review_pending
e_place_biak_biak_numfor,kapet_biak,named_place_partial_admin,Biak Numfor,official_kapet_decrees,https://peraturan.go.id/files/kp90-1996.pdf,Pasal 1(2),Selected areas only; steering-team boundary required,manual transcription of official decree article,high_for_named_place_only,annex_boundary_unavailable
e_place_biak_manokwari,kapet_biak,named_place_partial_admin,Manokwari,official_kapet_decrees,https://peraturan.go.id/files/kp90-1996.pdf,Pasal 1(2),Selected areas only,manual transcription of official decree article,high_for_named_place_only,annex_boundary_unavailable
e_place_biak_yapen_waropen,kapet_biak,named_place_partial_admin,Yapen Waropen,official_kapet_decrees,https://peraturan.go.id/files/kp90-1996.pdf,Pasal 1(2),Historical regency split; selected areas only,manual transcription of official decree article,high_for_named_place_only,annex_boundary_unavailable
e_place_biak_paniai,kapet_biak,named_place_partial_admin,Paniai,official_kapet_decrees,https://peraturan.go.id/files/kp90-1996.pdf,Pasal 1(2),Selected areas only,manual transcription of official decree article,high_for_named_place_only,annex_boundary_unavailable
e_place_biak_mimika,kapet_biak,named_place_partial_admin,Mimika,official_kapet_decrees,https://peraturan.go.id/files/kp90-1996.pdf,Pasal 1(2),Historical administrative area; selected areas only,manual transcription of official decree article,high_for_named_place_only,annex_boundary_unavailable
e_place_batulicin_kotabaru,kapet_batulicin,named_place_whole_admin,Kotabaru,official_kapet_decrees,https://peraturan.go.id/files/kp11-1998.pdf,Pasal 1(2) and map annex,Modern regency excludes Tanah Bumbu created in 2003; current location proxy only,manual transcription of official decree article,high_for_named_place_only,annex_boundary_unavailable
e_place_sasamba_samarinda,kapet_sasamba,named_place_whole_admin,Samarinda,official_kapet_decrees,https://peraturan.go.id/files/kp12-1998.pdf,Pasal 1(2) and map annex,Entire historical municipality,manual transcription of official decree article,high_for_named_place_only,annex_boundary_unavailable
e_place_sasamba_balikpapan,kapet_sasamba,named_place_whole_admin,Balikpapan,official_kapet_decrees,https://peraturan.go.id/files/kp12-1998.pdf,Pasal 1(2) and map annex,Entire historical municipality,manual transcription of official decree article,high_for_named_place_only,annex_boundary_unavailable
e_place_sasamba_kutai,kapet_sasamba,named_place_partial_admin,Kutai,official_kapet_decrees,https://peraturan.go.id/files/kp12-1998.pdf,Pasal 1(2) and map annex,Only named districts; historical regency changed,manual transcription of official decree article,high_for_named_place_only,annex_boundary_unavailable
e_place_sasamba_sanga_sanga,kapet_sasamba,named_place_partial_admin,Sanga-Sanga,official_kapet_decrees,https://peraturan.go.id/files/kp12-1998.pdf,Pasal 1(2) and map annex,Named district; annex unavailable,manual transcription of official decree article,high_for_named_place_only,annex_boundary_unavailable
e_place_sasamba_muara_jawa,kapet_sasamba,named_place_partial_admin,Muara Jawa,official_kapet_decrees,https://peraturan.go.id/files/kp12-1998.pdf,Pasal 1(2) and map annex,Named district; annex unavailable,manual transcription of official decree article,high_for_named_place_only,annex_boundary_unavailable
e_place_sasamba_loa_janan,kapet_sasamba,named_place_partial_admin,Loa Janan,official_kapet_decrees,https://peraturan.go.id/files/kp12-1998.pdf,Pasal 1(2) and map annex,Named district; annex unavailable,manual transcription of official decree article,high_for_named_place_only,annex_boundary_unavailable
e_place_sasamba_semboja,kapet_sasamba,named_place_partial_admin,Semboja,official_kapet_decrees,https://peraturan.go.id/files/kp12-1998.pdf,Pasal 1(2) and map annex,Decree spelling Semobja; modern Samboja uncertain,manual transcription of official decree article,high_for_named_place_only,annex_boundary_unavailable
e_place_sanggau_sanggau,kapet_sanggau,named_place_whole_admin,Sanggau,official_kapet_decrees,https://peraturan.go.id/files/kp13-1998.pdf,Pasal 1(2) and map annex,Historical regency changed; current location proxy only,manual transcription of official decree article,high_for_named_place_only,annex_boundary_unavailable
e_place_sanggau_sambas,kapet_sanggau,named_place_whole_admin,Sambas,official_kapet_decrees,https://peraturan.go.id/files/kp13-1998.pdf,Pasal 1(2) and map annex,Historical regency changed; current location proxy only,manual transcription of official decree article,high_for_named_place_only,annex_boundary_unavailable
e_place_sanggau_pontianak,kapet_sanggau,named_place_partial_admin,Pontianak,official_kapet_decrees,https://peraturan.go.id/files/kp13-1998.pdf,Pasal 1(2) and map annex,Only Air Besar; Pontianak ambiguous city/regency name,manual transcription of official decree article,high_for_named_place_only,annex_boundary_unavailable
e_place_sanggau_air_besar,kapet_sanggau,named_place_partial_admin,Air Besar,official_kapet_decrees,https://peraturan.go.id/files/kp13-1998.pdf,Pasal 1(2) and map annex,Named district; annex unavailable,manual transcription of official decree article,high_for_named_place_only,annex_boundary_unavailable
e_place_manado_bitung,kapet_manado_bitung,named_place_whole_admin,Bitung,official_kapet_decrees,https://peraturan.go.id/files/kp14-1998.pdf,Pasal 1(2) and map annex,Entire historical municipality,manual transcription of official decree article,high_for_named_place_only,annex_boundary_unavailable
e_place_manado_manado,kapet_manado_bitung,named_place_whole_admin,Manado,official_kapet_decrees,https://peraturan.go.id/files/kp14-1998.pdf,Pasal 1(2) and map annex,Entire historical municipality,manual transcription of official decree article,high_for_named_place_only,annex_boundary_unavailable
e_place_manado_minahasa,kapet_manado_bitung,named_place_partial_admin,Minahasa,official_kapet_decrees,https://peraturan.go.id/files/kp14-1998.pdf,Pasal 1(2) and map annex,Only listed districts; historical regency split,manual transcription of official decree article,high_for_named_place_only,annex_boundary_unavailable
e_place_mbay_ngada,kapet_mbay,named_place_whole_admin,Ngada,official_kapet_decrees,https://peraturan.go.id/files/kp15-1998.pdf,Pasal 1(2) and map annex,Historical regency changed; current location proxy only,manual transcription of official decree article,high_for_named_place_only,annex_boundary_unavailable
e_place_pare_pare,kapet_pare_pare,named_place_whole_admin,Parepare,official_kapet_decrees,https://peraturan.bpk.go.id/Download/48966/Keputusan_Presiden_no_164%20TH%201998.pdf,Pasal 1(2) and map annex,Entire historical municipality; Pare-Pare spelling in decree,manual transcription of official decree article,high_for_named_place_only,annex_boundary_unavailable
e_place_pare_barru,kapet_pare_pare,named_place_whole_admin,Barru,official_kapet_decrees,https://peraturan.bpk.go.id/Download/48966/Keputusan_Presiden_no_164%20TH%201998.pdf,Pasal 1(2) and map annex,Entire historical regency,manual transcription of official decree article,high_for_named_place_only,annex_boundary_unavailable
e_place_pare_pinrang,kapet_pare_pare,named_place_whole_admin,Pinrang,official_kapet_decrees,https://peraturan.bpk.go.id/Download/48966/Keputusan_Presiden_no_164%20TH%201998.pdf,Pasal 1(2) and map annex,Entire historical regency,manual transcription of official decree article,high_for_named_place_only,annex_boundary_unavailable
e_place_pare_sidenreng_rappang,kapet_pare_pare,named_place_whole_admin,Sidenreng Rappang,official_kapet_decrees,https://peraturan.bpk.go.id/Download/48966/Keputusan_Presiden_no_164%20TH%201998.pdf,Pasal 1(2) and map annex,Entire historical regency,manual transcription of official decree article,high_for_named_place_only,annex_boundary_unavailable
e_place_pare_enrekang,kapet_pare_pare,named_place_whole_admin,Enrekang,official_kapet_decrees,https://peraturan.bpk.go.id/Download/48966/Keputusan_Presiden_no_164%20TH%201998.pdf,Pasal 1(2) and map annex,Entire historical regency,manual transcription of official decree article,high_for_named_place_only,annex_boundary_unavailable
e_place_seram_seram,kapet_seram,named_place_whole_island,Seram,official_kapet_decrees,https://peraturan.go.id/files/kp165-1998.pdf,Pasal 1(2) and map annex,"Entire island named, but OSM administrative polygons are not island shoreline",manual transcription of official decree article,high_for_named_place_only,annex_boundary_unavailable
e_place_seram_boano,kapet_seram,named_place_whole_island,Boano,official_kapet_decrees,https://peraturan.go.id/files/kp165-1998.pdf,Pasal 1(2) and map annex,Entire island; island polygon identification pending,manual transcription of official decree article,high_for_named_place_only,annex_boundary_unavailable
e_place_seram_manipa,kapet_seram,named_place_whole_island,Manipa,official_kapet_decrees,https://peraturan.go.id/files/kp165-1998.pdf,Pasal 1(2) and map annex,Entire island; island polygon identification pending,manual transcription of official decree article,high_for_named_place_only,annex_boundary_unavailable
e_place_seram_kelang,kapet_seram,named_place_whole_island,Kelang,official_kapet_decrees,https://peraturan.go.id/files/kp165-1998.pdf,Pasal 1(2) and map annex,Entire island; island polygon identification pending,manual transcription of official decree article,high_for_named_place_only,annex_boundary_unavailable
e_place_bima_bima,kapet_bima,named_place_whole_admin,Bima,official_kapet_decrees,https://peraturan.go.id/files/kp166-1998.pdf,Pasal 1(2) and map annex,Current Bima excludes Kota Bima created in 2002; current location proxy only,manual transcription of official decree article,high_for_named_place_only,annex_boundary_unavailable
e_place_bima_dompu,kapet_bima,named_place_whole_admin,Dompu,official_kapet_decrees,https://peraturan.go.id/files/kp166-1998.pdf,Pasal 1(2) and map annex,Entire historical regency,manual transcription of official decree article,high_for_named_place_only,annex_boundary_unavailable
e_place_batui_banggai,kapet_batui,named_place_partial_admin,Banggai,official_kapet_decrees,https://peraturan.go.id/files/kp167-1998.pdf,Pasal 1(1)-(2) and map annex,Only listed districts; wording seluruh sebagian ambiguous,manual transcription of official decree article,high_for_named_place_only,annex_boundary_unavailable
e_place_batui_luwuk,kapet_batui,named_place_partial_admin,Luwuk,official_kapet_decrees,https://peraturan.go.id/files/kp167-1998.pdf,Pasal 1(2) and map annex,Named district; annex unavailable,manual transcription of official decree article,high_for_named_place_only,annex_boundary_unavailable
e_place_batui_kintom,kapet_batui,named_place_partial_admin,Kintom,official_kapet_decrees,https://peraturan.go.id/files/kp167-1998.pdf,Pasal 1(2) and map annex,Named district; annex unavailable,manual transcription of official decree article,high_for_named_place_only,annex_boundary_unavailable
e_place_batui_batui,kapet_batui,named_place_partial_admin,Batui,official_kapet_decrees,https://peraturan.go.id/files/kp167-1998.pdf,Pasal 1(2) and map annex,Named district; annex unavailable,manual transcription of official decree article,high_for_named_place_only,annex_boundary_unavailable
e_place_batui_toili,kapet_batui,named_place_partial_admin,Toili,official_kapet_decrees,https://peraturan.go.id/files/kp167-1998.pdf,Pasal 1(2) and map annex,Named district; annex unavailable,manual transcription of official decree article,high_for_named_place_only,annex_boundary_unavailable
e_place_bukari_buton,kapet_bukari,named_place_partial_admin,Buton,official_kapet_decrees,https://peraturan.go.id/files/kp168-1998.pdf,Pasal 1(1)-(2) and map annex,Selected area only,manual transcription of official decree article,high_for_named_place_only,annex_boundary_unavailable
e_place_bukari_kolaka,kapet_bukari,named_place_partial_admin,Kolaka,official_kapet_decrees,https://peraturan.go.id/files/kp168-1998.pdf,Pasal 1(1)-(2) and map annex,Selected area only,manual transcription of official decree article,high_for_named_place_only,annex_boundary_unavailable
e_place_bukari_kendari,kapet_bukari,named_place_partial_admin,Kendari,official_kapet_decrees,https://peraturan.go.id/files/kp168-1998.pdf,Pasal 1(1)-(2) and map annex,Selected area of historical regency; ambiguous current city/regency,manual transcription of official decree article,high_for_named_place_only,annex_boundary_unavailable
e_place_benaviq_viqueque,kapet_benaviq,named_place_partial_admin,Viqueque,official_kapet_decrees,https://peraturan.go.id/files/kp169-1998.pdf,Pasal 1(1)-(2) and map annex,Historical Timor Timur; outside current Indonesia; wording seluruh sebagian ambiguous,manual transcription of official decree article,high_for_named_place_only,annex_boundary_unavailable
e_place_benaviq_manatuto,kapet_benaviq,named_place_partial_admin,Manatuto,official_kapet_decrees,https://peraturan.go.id/files/kp169-1998.pdf,Pasal 1(2) and map annex,Historical Timor Timur; outside current Indonesia,manual transcription of official decree article,high_for_named_place_only,annex_boundary_unavailable
e_place_benaviq_manufahi,kapet_benaviq,named_place_partial_admin,Manufahi,official_kapet_decrees,https://peraturan.go.id/files/kp169-1998.pdf,Pasal 1(2) and map annex,Historical Timor Timur; outside current Indonesia,manual transcription of official decree article,high_for_named_place_only,annex_boundary_unavailable
e_place_kakab_kapuas,kapet_das_kakab,named_place_partial_admin,Kapuas,official_kapet_decrees,https://peraturan.go.id/files/kp170-1998.pdf,Pasal 1(2) and map annex,Wording seluruh sebagian ambiguous; no whole regency polygon,manual transcription of official decree article,high_for_named_place_only,annex_boundary_unavailable
e_place_kakab_barito_selatan,kapet_das_kakab,named_place_partial_admin,Barito Selatan,official_kapet_decrees,https://peraturan.go.id/files/kp170-1998.pdf,Pasal 1(2) and map annex,Selected area only,manual transcription of official decree article,high_for_named_place_only,annex_boundary_unavailable
e_place_kakab_palangkaraya,kapet_das_kakab,named_place_whole_admin,Palangkaraya,official_kapet_decrees,https://peraturan.go.id/files/kp170-1998.pdf,Pasal 1(2) and map annex,Entire historical municipality; modern Palangka Raya spelling,manual transcription of official decree article,high_for_named_place_only,annex_boundary_unavailable
e_place_sabang_sabang,kapet_sabang,named_place_whole_admin,Sabang,official_kapet_decrees,https://peraturan.go.id/files/kp171-1998.pdf,Pasal 1(2) and map annex,Entire historical municipality,manual transcription of official decree article,high_for_named_place_only,annex_boundary_unavailable
e_place_sabang_weh,kapet_sabang,named_place_whole_island,Weh,official_kapet_decrees,https://peraturan.go.id/files/kp171-1998.pdf,Pasal 1(2) and map annex,Entire island; island polygon identification pending,manual transcription of official decree article,high_for_named_place_only,annex_boundary_unavailable
e_place_sabang_nasi,kapet_sabang,named_place_whole_island,Nasi,official_kapet_decrees,https://peraturan.go.id/files/kp171-1998.pdf,Pasal 1(2) and map annex,Entire island; island polygon identification pending,manual transcription of official decree article,high_for_named_place_only,annex_boundary_unavailable
e_place_sabang_breuh,kapet_sabang,named_place_whole_island,Breuh,official_kapet_decrees,https://peraturan.go.id/files/kp171-1998.pdf,Pasal 1(2) and map annex,Entire island; island polygon identification pending,manual transcription of official decree article,high_for_named_place_only,annex_boundary_unavailable
e_place_sabang_teunon,kapet_sabang,named_place_whole_island,Teunon,official_kapet_decrees,https://peraturan.go.id/files/kp171-1998.pdf,Pasal 1(2) and map annex,Entire island; island polygon identification pending,manual transcription of official decree article,high_for_named_place_only,annex_boundary_unavailable
e_place_manado_likupang,kapet_manado_bitung,named_place_partial_admin,Likupang,official_kapet_decrees,https://peraturan.go.id/files/kp14-1998.pdf,Pasal 1(2) and map annex,Named historical Minahasa district; modern district identity and annex boundary need review,manual transcription of official decree article,high_for_named_place_only,annex_boundary_unavailable
e_place_manado_dimembe,kapet_manado_bitung,named_place_partial_admin,Dimembe,official_kapet_decrees,https://peraturan.go.id/files/kp14-1998.pdf,Pasal 1(2) and map annex,Named historical Minahasa district; modern district identity and annex boundary need review,manual transcription of official decree article,high_for_named_place_only,annex_boundary_unavailable
e_place_manado_airmadidi,kapet_manado_bitung,named_place_partial_admin,Airmadidi,official_kapet_decrees,https://peraturan.go.id/files/kp14-1998.pdf,Pasal 1(2) and map annex,Named historical Minahasa district; modern district identity and annex boundary need review,manual transcription of official decree article,high_for_named_place_only,annex_boundary_unavailable
e_place_manado_kauditan,kapet_manado_bitung,named_place_partial_admin,Kauditan,official_kapet_decrees,https://peraturan.go.id/files/kp14-1998.pdf,Pasal 1(2) and map annex,Named historical Minahasa district; modern district identity and annex boundary need review,manual transcription of official decree article,high_for_named_place_only,annex_boundary_unavailable
e_place_manado_wori,kapet_manado_bitung,named_place_partial_admin,Wori,official_kapet_decrees,https://peraturan.go.id/files/kp14-1998.pdf,Pasal 1(2) and map annex,Named historical Minahasa district; modern district identity and annex boundary need review,manual transcription of official decree article,high_for_named_place_only,annex_boundary_unavailable
e_place_manado_pineleng,kapet_manado_bitung,named_place_partial_admin,Pineleng,official_kapet_decrees,https://peraturan.go.id/files/kp14-1998.pdf,Pasal 1(2) and map annex,Named historical Minahasa district; modern district identity and annex boundary need review,manual transcription of official decree article,high_for_named_place_only,annex_boundary_unavailable
e_place_manado_tombariri,kapet_manado_bitung,named_place_partial_admin,Tombariri,official_kapet_decrees,https://peraturan.go.id/files/kp14-1998.pdf,Pasal 1(2) and map annex,Named historical Minahasa district; modern district identity and annex boundary need review,manual transcription of official decree article,high_for_named_place_only,annex_boundary_unavailable
e_place_manado_tomohon,kapet_manado_bitung,named_place_partial_admin,Tomohon,official_kapet_decrees,https://peraturan.go.id/files/kp14-1998.pdf,Pasal 1(2) and map annex,Named historical Minahasa district; modern district identity and annex boundary need review,manual transcription of official decree article,high_for_named_place_only,annex_boundary_unavailable
e_place_manado_tondano,kapet_manado_bitung,named_place_partial_admin,Tondano,official_kapet_decrees,https://peraturan.go.id/files/kp14-1998.pdf,Pasal 1(2) and map annex,Named historical Minahasa district; modern district identity and annex boundary need review,manual transcription of official decree article,high_for_named_place_only,annex_boundary_unavailable
e_place_manado_toulimambot,kapet_manado_bitung,named_place_partial_admin,Toulimambot,official_kapet_decrees,https://peraturan.go.id/files/kp14-1998.pdf,Pasal 1(2) and map annex,Named historical Minahasa district; modern district identity and annex boundary need review,manual transcription of official decree article,high_for_named_place_only,annex_boundary_unavailable
e_place_manado_eris,kapet_manado_bitung,named_place_partial_admin,Eris,official_kapet_decrees,https://peraturan.go.id/files/kp14-1998.pdf,Pasal 1(2) and map annex,Named historical Minahasa district; modern district identity and annex boundary need review,manual transcription of official decree article,high_for_named_place_only,annex_boundary_unavailable
e_place_manado_lembean_timur,kapet_manado_bitung,named_place_partial_admin,Lembean Timur,official_kapet_decrees,https://peraturan.go.id/files/kp14-1998.pdf,Pasal 1(2) and map annex,Named historical Minahasa district; modern district identity and annex boundary need review,manual transcription of official decree article,high_for_named_place_only,annex_boundary_unavailable
e_place_manado_kombi,kapet_manado_bitung,named_place_partial_admin,Kombi,official_kapet_decrees,https://peraturan.go.id/files/kp14-1998.pdf,Pasal 1(2) and map annex,Named historical Minahasa district; modern district identity and annex boundary need review,manual transcription of official decree article,high_for_named_place_only,annex_boundary_unavailable
e_place_manado_kakas,kapet_manado_bitung,named_place_partial_admin,Kakas,official_kapet_decrees,https://peraturan.go.id/files/kp14-1998.pdf,Pasal 1(2) and map annex,Named historical Minahasa district; modern district identity and annex boundary need review,manual transcription of official decree article,high_for_named_place_only,annex_boundary_unavailable
e_place_manado_remboken,kapet_manado_bitung,named_place_partial_admin,Remboken,official_kapet_decrees,https://peraturan.go.id/files/kp14-1998.pdf,Pasal 1(2) and map annex,Named historical Minahasa district; modern district identity and annex boundary need review,manual transcription of official decree article,high_for_named_place_only,annex_boundary_unavailable
e_place_manado_sonder,kapet_manado_bitung,named_place_partial_admin,Sonder,official_kapet_decrees,https://peraturan.go.id/files/kp14-1998.pdf,Pasal 1(2) and map annex,Named historical Minahasa district; modern district identity and annex boundary need review,manual transcription of official decree article,high_for_named_place_only,annex_boundary_unavailable
e_place_manado_kawangkoan,kapet_manado_bitung,named_place_partial_admin,Kawangkoan,official_kapet_decrees,https://peraturan.go.id/files/kp14-1998.pdf,Pasal 1(2) and map annex,Named historical Minahasa district; modern district identity and annex boundary need review,manual transcription of official decree article,high_for_named_place_only,annex_boundary_unavailable
e_place_manado_tompaso,kapet_manado_bitung,named_place_partial_admin,Tompaso,official_kapet_decrees,https://peraturan.go.id/files/kp14-1998.pdf,Pasal 1(2) and map annex,Named historical Minahasa district; modern district identity and annex boundary need review,manual transcription of official decree article,high_for_named_place_only,annex_boundary_unavailable
e_place_manado_langowan,kapet_manado_bitung,named_place_partial_admin,Langowan,official_kapet_decrees,https://peraturan.go.id/files/kp14-1998.pdf,Pasal 1(2) and map annex,Named historical Minahasa district; modern district identity and annex boundary need review,manual transcription of official decree article,high_for_named_place_only,annex_boundary_unavailable
kapet_article_data_availability_2025,rothenberg_wang_chari_2025,data_availability_statement,available on request; no open replication geometry established,rothenberg_wang_chari_2025,https://doi.org/10.1016/j.jdeveco.2025.103503,"published PDF page 22, Data availability",Data will be made available on request.,native PDF text from university repository copy of published article,high_for_statement_only,no_replication_geometry_acquired
iaph1996_table33_hist_tanjung_priok,hist_tanjung_priok,documented_port_presence_1991_1995,TG. PRIOK,iaph_ports_harbors_1996_06,https://www.iaphworldports.org/n-iaph/wp-content/uploads/ph/1996-5.pdf,"PDF page 21, printed page 19, Table 3.3","TG. PRIOK 736,000 867,000 1,054mO 1,307,000 1,620,000 24",native PDF text; positive year entries checked; quantities not transcribed due OCR errors,high_for_presence; name_crosswalk_unreviewed,current_source_match_and_geometry_needed
iaph1996_table33_hist_tanjung_perak,hist_tanjung_perak,documented_port_presence_1991_1995,TG. PERAK,iaph_ports_harbors_1996_06,https://www.iaphworldports.org/n-iaph/wp-content/uploads/ph/1996-5.pdf,"PDF page 21, printed page 19, Table 3.3","TG. PERAK 167,000 237,000 323,000 439,000 697,000 36",native PDF text; positive year entries checked; quantities not transcribed due OCR errors,high_for_presence; name_crosswalk_unreviewed,current_source_match_and_geometry_needed
iaph1996_table33_hist_belawan,hist_belawan,documented_port_presence_1991_1995,BELAWAN,iaph_ports_harbors_1996_06,https://www.iaphworldports.org/n-iaph/wp-content/uploads/ph/1996-5.pdf,"PDF page 21, printed page 19, Table 3.3","BELAWAN 163,000 133,000 153,000 194,000 247,000 27",native PDF text; positive year entries checked; quantities not transcribed due OCR errors,high_for_presence; name_crosswalk_unreviewed,current_source_match_and_geometry_needed
iaph1996_table33_hist_tanjung_emas,hist_tanjung_emas,documented_port_presence_1991_1995,"TG, EMAS",iaph_ports_harbors_1996_06,https://www.iaphworldports.org/n-iaph/wp-content/uploads/ph/1996-5.pdf,"PDF page 21, printed page 19, Table 3.3","TG, EMAS 58,000 58,000 69,000 67,000 110,000 26",native PDF text; positive year entries checked; quantities not transcribed due OCR errors,high_for_presence; name_crosswalk_unreviewed,current_source_match_and_geometry_needed
iaph1996_table33_hist_makassar,hist_makassar,documented_port_presence_1991_1995,MAKASAR,iaph_ports_harbors_1996_06,https://www.iaphworldports.org/n-iaph/wp-content/uploads/ph/1996-5.pdf,"PDF page 21, printed page 19, Table 3.3","MAKASAR 15,000 11,000 47,000 71,000 106,000 60",native PDF text; positive year entries checked; quantities not transcribed due OCR errors,high_for_presence; name_crosswalk_unreviewed,current_source_match_and_geometry_needed
iaph1996_table33_hist_palembang,hist_palembang,documented_port_presence_1991_1995,PALEMBANG,iaph_ports_harbors_1996_06,https://www.iaphworldports.org/n-iaph/wp-content/uploads/ph/1996-5.pdf,"PDF page 21, printed page 19, Table 3.3",". PALEMBANG 30,000 32,000 43,000 55,000 72,000 29",native PDF text; positive year entries checked; quantities not transcribed due OCR errors,high_for_presence; name_crosswalk_unreviewed,current_source_match_and_geometry_needed
iaph1996_table33_hist_panjang,hist_panjang,documented_port_presence_1991_1995,PANJANG,iaph_ports_harbors_1996_06,https://www.iaphworldports.org/n-iaph/wp-content/uploads/ph/1996-5.pdf,"PDF page 21, printed page 19, Table 3.3","PANJANG 20,000 28,000 40,000 52,000 67,000 20",native PDF text; positive year entries checked; quantities not transcribed due OCR errors,high_for_presence; name_crosswalk_unreviewed,current_source_match_and_geometry_needed
