source_id,group,title,publisher,landing_url,verified_download_or_service_url,version,retrieval_timestamp,coverage_dates,spatial_resolution_or_scale,crs,units_or_classes,nodata,license,citation,access_method,intended_use,download_permission,analysis_permission,redistribution_permission
geoboundaries_idn_adm0,boundary,Indonesia ADM0 gbOpen,geoBoundaries,https://www.geoboundaries.org/api.html,https://github.com/wmgeolab/geoBoundaries/raw/9469f09/releaseData/gbOpen/IDN/ADM0/geoBoundaries-IDN-ADM0.geojson,IDN-ADM0-11942859,2026-09-25T19:36:39+00:00,2017,,,,,Open Data Commons Open Database License 1.0,,geoBoundaries API,boundary,public API,ODbL 1.0 conditions,ODbL obligations apply
imf_portwatch_daily,port_activity,Daily_Ports_Data,IMF PortWatch,https://portwatch.imf.org/pages/data-and-methodology,https://services9.arcgis.com/weJ1QsnbMYJlCHdG/arcgis/rest/services/Daily_Ports_Data/FeatureServer/0,1790076979705,2026-09-25T19:36:40+00:00,2019-01-01/2026-09-18,,,,,,,ArcGIS REST,port_activity,public endpoint accessed,source terms need review,not established
imf_portwatch_ports,port_points,PortWatch ports database,IMF PortWatch,https://portwatch.imf.org/datasets/acc668d199d1472abaaf2467133d4ca4_0/about,https://services9.arcgis.com/weJ1QsnbMYJlCHdG/arcgis/rest/services/PortWatch_ports_database/FeatureServer/0,1789742026415,2026-09-25T19:36:41+00:00,,,3857,,,,,ArcGIS REST,port_points,public endpoint accessed,source terms need review,not established
big_kemenhub_ports,big_ports,Peta Sebaran Pelabuhan Umum and Peta Sebaran Terminal Khusus,BIG / Kemenhub,https://kspservices.big.go.id/satupeta/rest/services/PUBLIK/SARANA_PRASARANA/MapServer,https://kspservices.big.go.id/satupeta/rest/services/PUBLIK/SARANA_PRASARANA/MapServer,16ec2afe5bd34118ab1c00eb17b9b03d,2026-09-25T19:36:41+00:00,,,4326,,,,,ArcGIS REST,big_ports,public endpoint accessed,source terms need review,not established
iaph_ports_harbors_1996_06,historical_port_evidence,"Ports and Harbors, June 1996, Indonesian port container traffic table",International Association of Ports and Harbors,https://www.iaphworldports.org/n-iaph/wp-content/uploads/ph/1996-5.pdf,https://www.iaphworldports.org/n-iaph/wp-content/uploads/ph/1996-5.pdf,June 1996,2026-09-25T19:36:43+00:00,1991/1995,,,,,,,PDF download,historical_port_evidence,public endpoint accessed,source terms need review,not established
osmdata_coastlines,coast,Processed OpenStreetMap coastlines,OpenStreetMap Data / OSM contributors,https://osmdata.openstreetmap.de/data/coastlines.html,https://osmdata.openstreetmap.de/download/coastlines-split-4326.zip,"Fri, 25 Sep 2026 03:30:26 GMT",2026-09-25T19:36:43+00:00,,,,,,ODbL; © OpenStreetMap contributors,,ZIP download,coast,public ZIP,ODbL conditions,ODbL obligations apply
cifor_global_wetlands_v3,peatland,Global Wetlands V3 peat extent,CIFOR / SWAMP,https://www2.cifor.org/global-wetlands/,,V3 (platform label),2026-09-25T19:36:43+00:00,,approximately 236 m (platform statement),,peat extent; legend review required,,"research/education use, no redistribution or modification without authorization; review full terms",,guest book and terms review,peatland,guest book and terms review required,research/education terms; exact product review required,restricted; authorization review required
big_peta_lahan_gambut,government_peat,Peta Lahan Gambut (partial public service),BIG / Kementerian Pertanian,https://kspservices.big.go.id/satupeta/rest/services/PUBLIK/SUMBER_DAYA_ALAM_DAN_LINGKUNGAN/MapServer/6,https://kspservices.big.go.id/satupeta/rest/services/PUBLIK/SUMBER_DAYA_ALAM_DAN_LINGKUNGAN/MapServer/6,86a1e71887224f45aa041e45f0bea5f0,2026-09-25T19:36:43+00:00,,regional public service; native map scale unverified,4326,,,,,ArcGIS REST,government_peat,public endpoint accessed,source terms need review,not established
gebco_2026,gebco,GEBCO_2026 Grid and TID,GEBCO Compilation Group,https://www.gebco.net/data-products/gridded-bathymetry-data,https://dap.ceda.ac.uk/thredds/dodsC/bodc/gebco/global/gebco_2026/ice_surface_elevation/netcdf/GEBCO_2026.nc,GEBCO_2026,2026-09-25T19:36:43+00:00,2026 grid release; source survey dates heterogeneous,15 arc-second,EPSG:4326,signed elevation m; TID categorical,,public domain with attribution/disclaimer conditions,"GEBCO Bathymetric Compilation Group (2026), doi:10.5285/4f68d5c7-45eb-f999-e063-7086abc036fa",CEDA OPeNDAP regional subset,gebco,public official subset,public domain with attribution,attribution/disclaimer conditions
jdih_bpk_keppres_89_1996,kapet_law,Keputusan Presiden Nomor 89 Tahun 1996,JDIH BPK,https://peraturan.bpk.go.id/Details/60051/keppres-no-89-tahun-1996,,,2026-09-25T19:36:43+00:00,,,,,,,,,kapet_law,official PDFs indexed; some shell downloads time out,legal facts with article citation,not established
official_kapet_decrees,kapet_claims,Official KAPET designation and programme instruments (partial indexed record),Indonesian Government / JDIH BPK,https://peraturan.bpk.go.id/,,,2026-09-25T19:36:43+00:00,,,,,,,,,kapet_claims,official PDFs indexed; some shell downloads time out,legal facts with article citation,not established
rothenberg_wang_chari_2025,kapet_article,When regional policies fail: an evaluation of Indonesia's Integrated Economic Development Zones,Journal of Development Economics / University of Sussex repository,https://sussex.figshare.com/articles/journal_contribution/When_regional_policies_fail_an_evaluation_of_Indonesia_s_Integrated_Economic_Development_Zones/28646048,https://ndownloader.figshare.com/files/54267710,1,2026-09-25T19:36:43+00:00,,,,,,CC BY 4.0,10.1016/j.jdeveco.2025.103503,University repository PDF,kapet_article,public repository PDF,article CC BY 4.0; underlying data separate,article CC BY 4.0 attribution; underlying data not established
kek_official_registry,kek,Official KEK website,Dewan Nasional KEK,https://kek.go.id/,https://kek.go.id/id/investment/distribution/kek-palu,,2026-09-25T19:36:44+00:00,,,,,,,,,kek,public endpoint accessed,source terms need review,not established
geofabrik_osm_policy,osm_policy,Dated OpenStreetMap administrative and place features for policy locations,Geofabrik / OpenStreetMap contributors,https://download.geofabrik.de/asia/indonesia.html,https://download.geofabrik.de/asia/indonesia/kalimantan-260924-free.gpkg.zip;https://download.geofabrik.de/asia/indonesia/papua-260924-free.gpkg.zip;https://download.geofabrik.de/asia/indonesia/sulawesi-260924-free.gpkg.zip;https://download.geofabrik.de/asia/indonesia/sumatra-260924-free.gpkg.zip;https://download.geofabrik.de/asia/indonesia/maluku-260924-free.gpkg.zip;https://download.geofabrik.de/asia/indonesia/nusa-tenggara-260924-free.gpkg.zip,260924,2026-09-25T19:36:44+00:00,"modern OSM snapshot, not 1990s territory",,source archive CRS; processed EPSG:4326,,,ODbL 1.0; © OpenStreetMap contributors,,dated Geofabrik GeoPackage ZIP archives,osm_policy,public dated archives,ODbL conditions,ODbL obligations apply
