item_id,theme,priority,issue,action,source_url,status
peat_terms,peatland,high,CIFOR guest book and terms restrict distribution and modification,Review exact product legend and terms then stage authorized original under data/manual/peatland,https://www2.cifor.org/global-wetlands/,open
kapet_laws,policy_treatment,high,"Designation articles transcribed; annex maps, timing and historical boundaries unresolved",Import original PDFs and cite article/annex for each claim,https://peraturan.go.id/files/kp89-1996.pdf,open
kapet_replication,policy_treatment,high,Published article says data available on request and no treatment geometry was acquired,Verify provenance and definition of any subsequently supplied replication geometry before use,https://doi.org/10.1016/j.jdeveco.2025.103503,open
kek_registry,policy_treatment,high,Current official zone registry and geometry not complete,Acquire zone list and zone-specific regulations; keep status and sectors separate,https://kek.go.id/id/investment/distribution,open
big_years,ports_historical,high,BIG year fields may describe permit or later works rather than opening,Review field definitions and dated independent evidence,https://kspservices.big.go.id/satupeta/rest/services/PUBLIK/SARANA_PRASARANA/MapServer/1,open
coast_country,coast_bathymetry,medium,Regional coastline not reliably assigned to Indonesia or neighbouring states,Create reviewed coastline classification before national feature use,https://osmdata.openstreetmap.de/data/coastlines.html,open
historical_port_crosswalk,ports_historical,high,Seven dated IAPH port names have no verified current-point identity or historical coordinates,Review names plus administrative context and distance against dated source material,https://www.iaphworldports.org/n-iaph/wp-content/uploads/ph/1996-5.pdf,open
boundary_islands,boundary,medium,ADM0 has 1312 polygon components but independent small-island completeness was not established,Compare against reviewed coastal/island reference before fine-grid national masking,https://www.geoboundaries.org/api/current/gbOpen/IDN/ADM0/,open
policy_place_sabang_weh,policy_treatment,medium,Weh: unresolved_island_name; Entire island; island polygon identification pending,Review official annex and present-day OSM identity; retain location proxy role,https://peraturan.go.id/files/kp171-1998.pdf,open
policy_place_sabang_nasi,policy_treatment,medium,Nasi: unresolved_island_name; Entire island; island polygon identification pending,Review official annex and present-day OSM identity; retain location proxy role,https://peraturan.go.id/files/kp171-1998.pdf,open
policy_place_sabang_breuh,policy_treatment,medium,Breuh: unresolved_island_name; Entire island; island polygon identification pending,Review official annex and present-day OSM identity; retain location proxy role,https://peraturan.go.id/files/kp171-1998.pdf,open
policy_place_sabang_teunon,policy_treatment,medium,Teunon: unresolved_island_name; Entire island; island polygon identification pending,Review official annex and present-day OSM identity; retain location proxy role,https://peraturan.go.id/files/kp171-1998.pdf,open
policy_place_sasamba_kutai,policy_treatment,medium,Kutai: no_unique_osm_match; Only named districts; historical regency changed,Review official annex and present-day OSM identity; retain location proxy role,https://peraturan.go.id/files/kp12-1998.pdf,open
policy_place_sasamba_sanga_sanga,policy_treatment,medium,Sanga-Sanga: no_unique_osm_match; Named district; annex unavailable,Review official annex and present-day OSM identity; retain location proxy role,https://peraturan.go.id/files/kp12-1998.pdf,open
policy_place_sasamba_muara_jawa,policy_treatment,medium,Muara Jawa: no_unique_osm_match; Named district; annex unavailable,Review official annex and present-day OSM identity; retain location proxy role,https://peraturan.go.id/files/kp12-1998.pdf,open
policy_place_sasamba_loa_janan,policy_treatment,medium,Loa Janan: no_unique_osm_match; Named district; annex unavailable,Review official annex and present-day OSM identity; retain location proxy role,https://peraturan.go.id/files/kp12-1998.pdf,open
policy_place_sasamba_semboja,policy_treatment,medium,Semboja: no_unique_osm_match; Decree spelling Semobja; modern Samboja uncertain,Review official annex and present-day OSM identity; retain location proxy role,https://peraturan.go.id/files/kp12-1998.pdf,open
policy_place_sanggau_pontianak,policy_treatment,medium,Pontianak: historical_admin_identity_unresolved; Only Air Besar; Pontianak ambiguous city/regency name,Review official annex and present-day OSM identity; retain location proxy role,https://peraturan.go.id/files/kp13-1998.pdf,open
policy_place_sanggau_air_besar,policy_treatment,medium,Air Besar: review_point_partial_area; Named district; annex unavailable,Review official annex and present-day OSM identity; retain location proxy role,https://peraturan.go.id/files/kp13-1998.pdf,open
policy_place_kakab_kapuas,policy_treatment,medium,Kapuas: review_point_partial_area; Wording seluruh sebagian ambiguous; no whole regency polygon,Review official annex and present-day OSM identity; retain location proxy role,https://peraturan.go.id/files/kp170-1998.pdf,open
policy_place_kakab_barito_selatan,policy_treatment,medium,Barito Selatan: review_point_partial_area; Selected area only,Review official annex and present-day OSM identity; retain location proxy role,https://peraturan.go.id/files/kp170-1998.pdf,open
policy_place_manado_minahasa,policy_treatment,medium,Minahasa: review_point_partial_area; Only listed districts; historical regency split,Review official annex and present-day OSM identity; retain location proxy role,https://peraturan.go.id/files/kp14-1998.pdf,open
policy_place_batui_banggai,policy_treatment,medium,Banggai: review_point_partial_area; Only listed districts; wording seluruh sebagian ambiguous,Review official annex and present-day OSM identity; retain location proxy role,https://peraturan.go.id/files/kp167-1998.pdf,open
policy_place_batui_luwuk,policy_treatment,medium,Luwuk: no_unique_osm_match; Named district; annex unavailable,Review official annex and present-day OSM identity; retain location proxy role,https://peraturan.go.id/files/kp167-1998.pdf,open
policy_place_batui_kintom,policy_treatment,medium,Kintom: no_unique_osm_match; Named district; annex unavailable,Review official annex and present-day OSM identity; retain location proxy role,https://peraturan.go.id/files/kp167-1998.pdf,open
policy_place_batui_batui,policy_treatment,medium,Batui: no_unique_osm_match; Named district; annex unavailable,Review official annex and present-day OSM identity; retain location proxy role,https://peraturan.go.id/files/kp167-1998.pdf,open
policy_place_batui_toili,policy_treatment,medium,Toili: no_unique_osm_match; Named district; annex unavailable,Review official annex and present-day OSM identity; retain location proxy role,https://peraturan.go.id/files/kp167-1998.pdf,open
policy_place_bukari_buton,policy_treatment,medium,Buton: review_point_partial_area; Selected area only,Review official annex and present-day OSM identity; retain location proxy role,https://peraturan.go.id/files/kp168-1998.pdf,open
policy_place_bukari_kolaka,policy_treatment,medium,Kolaka: review_point_partial_area; Selected area only,Review official annex and present-day OSM identity; retain location proxy role,https://peraturan.go.id/files/kp168-1998.pdf,open
policy_place_bukari_kendari,policy_treatment,medium,Kendari: historical_admin_identity_unresolved; Selected area of historical regency; ambiguous current city/regency,Review official annex and present-day OSM identity; retain location proxy role,https://peraturan.go.id/files/kp168-1998.pdf,open
policy_place_manado_likupang,policy_treatment,medium,Likupang: no_unique_osm_match; Named historical Minahasa district; modern district identity and annex boundary need review,Review official annex and present-day OSM identity; retain location proxy role,https://peraturan.go.id/files/kp14-1998.pdf,open
policy_place_manado_dimembe,policy_treatment,medium,Dimembe: no_unique_osm_match; Named historical Minahasa district; modern district identity and annex boundary need review,Review official annex and present-day OSM identity; retain location proxy role,https://peraturan.go.id/files/kp14-1998.pdf,open
policy_place_manado_airmadidi,policy_treatment,medium,Airmadidi: no_unique_osm_match; Named historical Minahasa district; modern district identity and annex boundary need review,Review official annex and present-day OSM identity; retain location proxy role,https://peraturan.go.id/files/kp14-1998.pdf,open
policy_place_manado_kauditan,policy_treatment,medium,Kauditan: no_unique_osm_match; Named historical Minahasa district; modern district identity and annex boundary need review,Review official annex and present-day OSM identity; retain location proxy role,https://peraturan.go.id/files/kp14-1998.pdf,open
policy_place_manado_wori,policy_treatment,medium,Wori: no_unique_osm_match; Named historical Minahasa district; modern district identity and annex boundary need review,Review official annex and present-day OSM identity; retain location proxy role,https://peraturan.go.id/files/kp14-1998.pdf,open
policy_place_manado_pineleng,policy_treatment,medium,Pineleng: no_unique_osm_match; Named historical Minahasa district; modern district identity and annex boundary need review,Review official annex and present-day OSM identity; retain location proxy role,https://peraturan.go.id/files/kp14-1998.pdf,open
policy_place_manado_tombariri,policy_treatment,medium,Tombariri: no_unique_osm_match; Named historical Minahasa district; modern district identity and annex boundary need review,Review official annex and present-day OSM identity; retain location proxy role,https://peraturan.go.id/files/kp14-1998.pdf,open
policy_place_manado_tomohon,policy_treatment,medium,Tomohon: no_unique_osm_match; Named historical Minahasa district; modern district identity and annex boundary need review,Review official annex and present-day OSM identity; retain location proxy role,https://peraturan.go.id/files/kp14-1998.pdf,open
policy_place_manado_tondano,policy_treatment,medium,Tondano: no_unique_osm_match; Named historical Minahasa district; modern district identity and annex boundary need review,Review official annex and present-day OSM identity; retain location proxy role,https://peraturan.go.id/files/kp14-1998.pdf,open
policy_place_manado_toulimambot,policy_treatment,medium,Toulimambot: no_unique_osm_match; Named historical Minahasa district; modern district identity and annex boundary need review,Review official annex and present-day OSM identity; retain location proxy role,https://peraturan.go.id/files/kp14-1998.pdf,open
policy_place_manado_eris,policy_treatment,medium,Eris: no_unique_osm_match; Named historical Minahasa district; modern district identity and annex boundary need review,Review official annex and present-day OSM identity; retain location proxy role,https://peraturan.go.id/files/kp14-1998.pdf,open
policy_place_manado_lembean_timur,policy_treatment,medium,Lembean Timur: no_unique_osm_match; Named historical Minahasa district; modern district identity and annex boundary need review,Review official annex and present-day OSM identity; retain location proxy role,https://peraturan.go.id/files/kp14-1998.pdf,open
policy_place_manado_kombi,policy_treatment,medium,Kombi: no_unique_osm_match; Named historical Minahasa district; modern district identity and annex boundary need review,Review official annex and present-day OSM identity; retain location proxy role,https://peraturan.go.id/files/kp14-1998.pdf,open
policy_place_manado_kakas,policy_treatment,medium,Kakas: no_unique_osm_match; Named historical Minahasa district; modern district identity and annex boundary need review,Review official annex and present-day OSM identity; retain location proxy role,https://peraturan.go.id/files/kp14-1998.pdf,open
policy_place_manado_remboken,policy_treatment,medium,Remboken: no_unique_osm_match; Named historical Minahasa district; modern district identity and annex boundary need review,Review official annex and present-day OSM identity; retain location proxy role,https://peraturan.go.id/files/kp14-1998.pdf,open
policy_place_manado_sonder,policy_treatment,medium,Sonder: no_unique_osm_match; Named historical Minahasa district; modern district identity and annex boundary need review,Review official annex and present-day OSM identity; retain location proxy role,https://peraturan.go.id/files/kp14-1998.pdf,open
policy_place_manado_kawangkoan,policy_treatment,medium,Kawangkoan: no_unique_osm_match; Named historical Minahasa district; modern district identity and annex boundary need review,Review official annex and present-day OSM identity; retain location proxy role,https://peraturan.go.id/files/kp14-1998.pdf,open
policy_place_manado_tompaso,policy_treatment,medium,Tompaso: no_unique_osm_match; Named historical Minahasa district; modern district identity and annex boundary need review,Review official annex and present-day OSM identity; retain location proxy role,https://peraturan.go.id/files/kp14-1998.pdf,open
policy_place_manado_langowan,policy_treatment,medium,Langowan: no_unique_osm_match; Named historical Minahasa district; modern district identity and annex boundary need review,Review official annex and present-day OSM identity; retain location proxy role,https://peraturan.go.id/files/kp14-1998.pdf,open
policy_place_biak_biak_numfor,policy_treatment,medium,Biak Numfor: review_point_partial_area; Selected areas only; steering-team boundary required,Review official annex and present-day OSM identity; retain location proxy role,https://peraturan.go.id/files/kp90-1996.pdf,open
policy_place_biak_manokwari,policy_treatment,medium,Manokwari: review_point_partial_area; Selected areas only,Review official annex and present-day OSM identity; retain location proxy role,https://peraturan.go.id/files/kp90-1996.pdf,open
policy_place_biak_yapen_waropen,policy_treatment,medium,Yapen Waropen: no_unique_osm_match; Historical regency split; selected areas only,Review official annex and present-day OSM identity; retain location proxy role,https://peraturan.go.id/files/kp90-1996.pdf,open
policy_place_biak_paniai,policy_treatment,medium,Paniai: review_point_partial_area; Selected areas only,Review official annex and present-day OSM identity; retain location proxy role,https://peraturan.go.id/files/kp90-1996.pdf,open
policy_place_biak_mimika,policy_treatment,medium,Mimika: review_point_partial_area; Historical administrative area; selected areas only,Review official annex and present-day OSM identity; retain location proxy role,https://peraturan.go.id/files/kp90-1996.pdf,open
policy_place_seram_seram,policy_treatment,medium,"Seram: unresolved_island_name; Entire island named, but OSM administrative polygons are not island shoreline",Review official annex and present-day OSM identity; retain location proxy role,https://peraturan.go.id/files/kp165-1998.pdf,open
policy_place_seram_boano,policy_treatment,medium,Boano: unresolved_island_name; Entire island; island polygon identification pending,Review official annex and present-day OSM identity; retain location proxy role,https://peraturan.go.id/files/kp165-1998.pdf,open
policy_place_seram_manipa,policy_treatment,medium,Manipa: unresolved_island_name; Entire island; island polygon identification pending,Review official annex and present-day OSM identity; retain location proxy role,https://peraturan.go.id/files/kp165-1998.pdf,open
policy_place_seram_kelang,policy_treatment,medium,Kelang: review_point_island; Entire island; island polygon identification pending,Review official annex and present-day OSM identity; retain location proxy role,https://peraturan.go.id/files/kp165-1998.pdf,open
policy_place_bima_bima,policy_treatment,high,Bima: ambiguous_osm_name; Current Bima excludes Kota Bima created in 2002; current location proxy only,Review official annex and present-day OSM identity; retain location proxy role,https://peraturan.go.id/files/kp166-1998.pdf,open
policy_place_benaviq_viqueque,policy_treatment,medium,Viqueque: outside_current_indonesia_extracts; Historical Timor Timur; outside current Indonesia; wording seluruh sebagian ambiguous,Review official annex and present-day OSM identity; retain location proxy role,https://peraturan.go.id/files/kp169-1998.pdf,open
policy_place_benaviq_manatuto,policy_treatment,medium,Manatuto: outside_current_indonesia_extracts; Historical Timor Timur; outside current Indonesia,Review official annex and present-day OSM identity; retain location proxy role,https://peraturan.go.id/files/kp169-1998.pdf,open
policy_place_benaviq_manufahi,policy_treatment,medium,Manufahi: outside_current_indonesia_extracts; Historical Timor Timur; outside current Indonesia,Review official annex and present-day OSM identity; retain location proxy role,https://peraturan.go.id/files/kp169-1998.pdf,open
policy_place_kek_kek-nongsa,policy_treatment,medium,Nongsa: osm_site_polygon_candidate; Exact OSM named site; official boundary still unverified,Review official annex and present-day OSM identity; retain location proxy role,https://kek.go.id/id/investment/distribution/kek-nongsa,open
policy_place_kek_kek-palu,policy_treatment,medium,Palu: osm_site_polygon_candidate; Exact OSM named site; official boundary still unverified,Review official annex and present-day OSM identity; retain location proxy role,https://kek.go.id/id/investment/distribution/kek-palu,open
